,Model-Name,Train-Accuracy,Test-Accuracy,Validation-Accuracy,F1-Score,Precision,Recall,total-correct-on-test/105,total-correct-on-validation/105,Elapsed (Mins)
0,DenseNet121,96.14,99.04761910438540,96.190476,96.18989298107480,96.1904761904762,96.21537503890440,101,101,30.0
1,VGG16,89.94,93.33333373069770,90.476191,90.48696496120770,90.47619047619050,90.8350625668113,95,95,44.0
2,InceptionV3,96.0,97.14285731315610,93.333334,93.27814124264060,93.33333333333330,93.56410740111930,98,98,50.0
3,MobileNetV2,95.0,97.14285731315610,96.190476,96.22256909732580,96.1904761904762,96.58119658119660,101,101,41.0
4,Xception,92.51,94.28571462631230,94.285715,94.28260192966080,94.28571428571430,94.38243438243440,99,99,47.0
5,VGG19,89.26,85.71428656578060,83.809525,83.98913112768530,83.80952380952380,86.74740010946910,88,88,46.0
6,ConvNet,72.47,76.19,67.62,65.60,65.72,66.00,69,62,41.0